variant_name,AA_A,AA_C,AA_D,AA_E,AA_F,AA_G,AA_H,AA_I,AA_K,AA_L,AA_M,AA_N,AA_P,AA_Q,AA_R,AA_S,AA_T,AA_V,AA_W,AA_Y,MW,GRAVY,Charge,Aromatic,GlyPro,Length,Cys_count,Dist_to_serine,Dist_to_aspartate,Dist_to_histidine,N_mutations,Mutation_span,Mean_mutation_pos,Helix_propensity,Beta_propensity,Nterm_aromatic,Cterm_aromatic,Tm
WT,0.1310344827586207,0.013793103448275862,0.03103448275862069,0.013793103448275862,0.034482758620689655,0.0896551724137931,0.006896551724137931,0.041379310344827586,0.02413793103448276,0.04827586206896552,0.034482758620689655,0.06896551724137931,0.06206896551724138,0.034482758620689655,0.05172413793103448,0.13793103448275862,0.07241379310344828,0.05862068965517241,0.017241379310344827,0.027586206896551724,35452.90999999995,-0.1672413793103448,9.2,0.07931034482758621,0.15172413793103448,290.0,4.0,290.0,290.0,290.0,0.0,0.0,0.0,0.2620689655172414,0.1793103448275862,0.1,0.1,45.1
ThermoPETase,0.13448275862068965,0.013793103448275862,0.027586206896551724,0.017241379310344827,0.034482758620689655,0.0896551724137931,0.010344827586206896,0.041379310344827586,0.02413793103448276,0.04827586206896552,0.034482758620689655,0.06896551724137931,0.06206896551724138,0.034482758620689655,0.04827586206896552,0.13448275862068965,0.07241379310344828,0.05862068965517241,0.017241379310344827,0.027586206896551724,35431.89999999995,-0.15379310344827588,8.299999999999999,0.07931034482758621,0.15172413793103448,290.0,4.0,26.0,20.0,43.0,3.0,159.0,195.66666666666666,0.2689655172413793,0.1793103448275862,0.1,0.1,56.6
ThermoPETase+KF,0.13448275862068965,0.013793103448275862,0.027586206896551724,0.017241379310344827,0.03103448275862069,0.0896551724137931,0.010344827586206896,0.04482758620689655,0.020689655172413793,0.04827586206896552,0.034482758620689655,0.07241379310344828,0.06206896551724138,0.034482758620689655,0.04827586206896552,0.13448275862068965,0.07241379310344828,0.05862068965517241,0.017241379310344827,0.027586206896551724,35383.80999999995,-0.14655172413793105,7.299999999999999,0.07586206896551724,0.15172413793103448,290.0,4.0,26.0,5.0,36.0,5.0,185.0,176.6,0.2689655172413793,0.1793103448275862,0.1,0.1,61.6
ThermoPETase+SS,0.13448275862068965,0.020689655172413793,0.027586206896551724,0.017241379310344827,0.034482758620689655,0.0896551724137931,0.010344827586206896,0.041379310344827586,0.02413793103448276,0.04827586206896552,0.034482758620689655,0.06551724137931035,0.06206896551724138,0.034482758620689655,0.04827586206896552,0.1310344827586207,0.07241379310344828,0.05862068965517241,0.017241379310344827,0.027586206896551724,35436.989999999954,-0.12172413793103447,8.299999999999999,0.07931034482758621,0.15172413793103448,290.0,6.0,26.0,20.0,4.0,5.0,161.0,220.4,0.2689655172413793,0.1793103448275862,0.1,0.1,68.2
ThermoPETase+KF+SS,0.13448275862068965,0.020689655172413793,0.027586206896551724,0.017241379310344827,0.03103448275862069,0.0896551724137931,0.010344827586206896,0.04482758620689655,0.020689655172413793,0.04827586206896552,0.034482758620689655,0.06896551724137931,0.06206896551724138,0.034482758620689655,0.04827586206896552,0.1310344827586207,0.07241379310344828,0.05862068965517241,0.017241379310344827,0.027586206896551724,35388.89999999996,-0.11448275862068967,7.299999999999999,0.07586206896551724,0.15172413793103448,290.0,6.0,26.0,5.0,4.0,7.0,187.0,199.71428571428572,0.2689655172413793,0.1793103448275862,0.1,0.1,70.8
DuraPETase,0.13448275862068965,0.013793103448275862,0.03103448275862069,0.017241379310344827,0.034482758620689655,0.0896551724137931,0.017241379310344827,0.03793103448275862,0.02413793103448276,0.04827586206896552,0.034482758620689655,0.06896551724137931,0.06206896551724138,0.041379310344827586,0.04827586206896552,0.12758620689655173,0.06896551724137931,0.05862068965517241,0.013793103448275862,0.027586206896551724,35502.919999999955,-0.21655172413793103,7.499999999999998,0.07586206896551724,0.15172413793103448,290.0,4.0,1.0,8.0,13.0,9.0,159.0,186.66666666666666,0.27586206896551724,0.1724137931034483,0.1,0.1,75.0
DuraPETase+SS,0.13448275862068965,0.020689655172413793,0.03103448275862069,0.017241379310344827,0.034482758620689655,0.0896551724137931,0.017241379310344827,0.03793103448275862,0.02413793103448276,0.04827586206896552,0.034482758620689655,0.06551724137931035,0.06206896551724138,0.041379310344827586,0.04827586206896552,0.12413793103448276,0.06896551724137931,0.05862068965517241,0.013793103448275862,0.027586206896551724,35508.00999999996,-0.1844827586206897,7.499999999999998,0.07586206896551724,0.15172413793103448,290.0,6.0,1.0,8.0,4.0,11.0,161.0,199.54545454545453,0.27586206896551724,0.1724137931034483,0.1,0.1,81.1
FAST-PETase,0.13448275862068965,0.013793103448275862,0.027586206896551724,0.017241379310344827,0.034482758620689655,0.0896551724137931,0.010344827586206896,0.041379310344827586,0.027586206896551724,0.04827586206896552,0.034482758620689655,0.06551724137931035,0.06206896551724138,0.03793103448275862,0.04482758620689655,0.13448275862068965,0.07241379310344828,0.05862068965517241,0.017241379310344827,0.027586206896551724,35417.91999999995,-0.15172413793103448,8.299999999999999,0.07931034482758621,0.15172413793103448,290.0,4.0,26.0,18.0,4.0,5.0,159.0,208.8,0.27241379310344827,0.1793103448275862,0.1,0.1,67.8
WT (Son),0.1310344827586207,0.013793103448275862,0.03103448275862069,0.013793103448275862,0.034482758620689655,0.0896551724137931,0.006896551724137931,0.041379310344827586,0.02413793103448276,0.04827586206896552,0.034482758620689655,0.06896551724137931,0.06206896551724138,0.034482758620689655,0.05172413793103448,0.13793103448275862,0.07241379310344828,0.05862068965517241,0.017241379310344827,0.027586206896551724,35452.90999999995,-0.1672413793103448,9.2,0.07931034482758621,0.15172413793103448,290.0,4.0,290.0,290.0,290.0,0.0,0.0,0.0,0.2620689655172414,0.1793103448275862,0.1,0.1,46.1
ThermoPETase (Son),0.13448275862068965,0.013793103448275862,0.027586206896551724,0.017241379310344827,0.034482758620689655,0.0896551724137931,0.010344827586206896,0.041379310344827586,0.02413793103448276,0.04827586206896552,0.034482758620689655,0.06896551724137931,0.06206896551724138,0.034482758620689655,0.04827586206896552,0.13448275862068965,0.07241379310344828,0.05862068965517241,0.017241379310344827,0.027586206896551724,35431.89999999995,-0.15379310344827588,8.299999999999999,0.07931034482758621,0.15172413793103448,290.0,4.0,26.0,20.0,43.0,3.0,159.0,195.66666666666666,0.2689655172413793,0.1793103448275862,0.1,0.1,54.9
WT (Cui),0.1310344827586207,0.013793103448275862,0.03103448275862069,0.013793103448275862,0.034482758620689655,0.0896551724137931,0.006896551724137931,0.041379310344827586,0.02413793103448276,0.04827586206896552,0.034482758620689655,0.06896551724137931,0.06206896551724138,0.034482758620689655,0.05172413793103448,0.13793103448275862,0.07241379310344828,0.05862068965517241,0.017241379310344827,0.027586206896551724,35452.90999999995,-0.1672413793103448,9.2,0.07931034482758621,0.15172413793103448,290.0,4.0,290.0,290.0,290.0,0.0,0.0,0.0,0.2620689655172414,0.1793103448275862,0.1,0.1,46.0
DuraPETase (Cui),0.13448275862068965,0.013793103448275862,0.03103448275862069,0.017241379310344827,0.034482758620689655,0.0896551724137931,0.017241379310344827,0.03793103448275862,0.02413793103448276,0.04827586206896552,0.034482758620689655,0.06896551724137931,0.06206896551724138,0.041379310344827586,0.04827586206896552,0.12758620689655173,0.06896551724137931,0.05862068965517241,0.013793103448275862,0.027586206896551724,35502.919999999955,-0.21655172413793103,7.499999999999998,0.07586206896551724,0.15172413793103448,290.0,4.0,1.0,8.0,13.0,9.0,159.0,186.66666666666666,0.27586206896551724,0.1724137931034483,0.1,0.1,77.0
