gc_content,gc_5prime,gc_50nt,at_5prime,rare_codon_frac,cds_length,n_codons,wt_idx,wt_aa_len,gc_content_z,gc_5prime_z,gc_50nt_z,at_5prime_z,rare_codon_frac_z,cds_length_z
0.5868725868725869,0.38095238095238093,0.56,0.6190476190476191,0.019305019305019305,777,259,0,259,0.3657607637247387,-1.3315286306410319,0.632240056590032,1.3315286306410345,-0.19182224998717712,1.8411960246506702
0.5797665369649806,0.38095238095238093,0.56,0.6190476190476191,0.023346303501945526,771,257,1,257,0.0032461302252392325,-1.3315286306410319,0.632240056590032,1.3315286306410345,0.615144963914861,1.5551938630051811
0.5752895752895753,0.5238095238095238,0.5,0.47619047619047616,0.023166023166023165,777,259,2,259,-0.22514575303660644,0.3882862031580464,-0.4166528994842399,-0.38828620315804374,0.5791464264917213,1.8411960246506702
0.5551020408163265,0.47619047619047616,0.54,0.5238095238095238,0.024489795918367346,735,245,3,245,-1.2550113965349412,-0.1849854081083135,0.28260907123194134,0.18498540810831615,0.8434785441416295,-0.1608191068677537
0.5606060606060606,0.47619047619047616,0.48,0.5238095238095238,0.01652892561983471,726,242,4,242,-0.9742242162037612,-0.1849854081083135,-0.7662838848423305,0.18498540810831615,-0.7461551000174594,-0.5898223493359874
0.5622489959839357,0.47619047619047616,0.54,0.5238095238095238,0.020080321285140562,747,249,5,249,-0.8904099840891982,-0.1849854081083135,0.28260907123194134,0.18498540810831615,-0.037009262742418295,0.4111852164232246
0.563265306122449,0.47619047619047616,0.52,0.5238095238095238,0.0163265306122449,735,245,6,245,-0.8385629942459971,-0.1849854081083135,-0.06702191412614926,0.18498540810831615,-0.78656951469947,-0.1608191068677537
0.5564738292011019,0.2857142857142857,0.44,0.7142857142857143,0.02066115702479339,726,242,7,242,-1.1850297090979578,-2.4780718531737502,-1.4655458555585108,2.478071853173753,0.07897253307359327,-0.5898223493359874
0.5997267759562842,0.5714285714285714,0.62,0.4285714285714286,0.01639344262295082,732,244,8,244,1.0215163107863907,0.9615578144244049,1.6811330126643018,-0.9615578144244022,-0.7732084650368382,-0.30382018769049823
0.5673469387755102,0.47619047619047616,0.52,0.5238095238095238,0.024489795918367346,735,245,9,245,-0.6303387931015222,-0.1849854081083135,-0.06702191412614926,0.18498540810831615,0.8434785441416295,-0.1608191068677537
0.5706447187928669,0.5238095238095238,0.52,0.47619047619047616,0.024691358024691357,729,243,10,243,-0.4621027787337679,0.3882862031580464,-0.06702191412614926,-0.38828620315804374,0.8837266443599282,-0.44682126851324283
0.5737704918032787,0.42857142857142855,0.52,0.5714285714285714,0.020491803278688523,732,244,11,244,-0.30264168966104404,-0.7582570193746727,-0.06702191412614926,0.7582570193746747,0.04515582679936937,-0.30382018769049823
0.5542168674698795,0.3333333333333333,0.44,0.6666666666666667,0.028112449799196786,747,249,12,249,-1.3001684522048262,-1.904800241907391,-1.4655458555585108,1.9048002419073946,1.5668532851132824,0.4111852164232246
0.5645161290322581,0.38095238095238093,0.48,0.6190476190476191,0.03225806451612903,744,248,13,248,-0.7747523519597841,-1.3315286306410319,-0.7662838848423305,1.3315286306410345,2.3946533098129987,0.26818413560048004
0.5702479338842975,0.5238095238095238,0.58,0.47619047619047616,0.01652892561983471,726,242,14,242,-0.48234473278396545,0.3882862031580464,0.9818710419481207,-0.38828620315804374,-0.7461551000174594,-0.5898223493359874
0.5979247730220493,0.5714285714285714,0.56,0.4285714285714286,0.01556420233463035,771,257,15,257,0.9295872585333298,0.9615578144244049,0.632240056590032,-0.9615578144244022,-0.9387919015173162,1.5551938630051811
0.6040688575899843,0.38095238095238093,0.46,0.6190476190476191,0.018779342723004695,639,213,16,213,1.243027298259306,-1.3315286306410319,-1.1159148702004202,1.3315286306410345,-0.29678981626834156,-4.73685369319558
0.5550724637681159,0.5238095238095238,0.48,0.47619047619047616,0.017391304347826087,690,230,17,230,-1.256520267557728,0.3882862031580464,-0.7662838848423305,-0.38828620315804374,-0.573954550502805,-2.305835319208922
0.556910569105691,0.42857142857142855,0.5,0.5714285714285714,0.028455284552845527,738,246,18,246,-1.1627494537514158,-0.7582570193746727,-0.4166528994842399,0.7582570193746747,1.635310832887611,-0.017818026045009108
0.5679012345679012,0.47619047619047616,0.52,0.5238095238095238,0.024691358024691357,729,243,19,243,-0.6020614324522761,-0.1849854081083135,-0.06702191412614926,0.18498540810831615,0.8837266443599282,-0.44682126851324283
0.5997267759562842,0.5714285714285714,0.6,0.4285714285714286,0.02459016393442623,732,244,20,244,1.0215163107863907,0.9615578144244049,1.3315020273062113,-0.9615578144244022,0.8635201186355775,-0.30382018769049823
0.5981182795698925,0.6190476190476191,0.66,0.38095238095238093,0.020161290322580645,744,248,21,248,0.9394589813868455,1.5348294256907649,2.380394983380483,-1.5348294256907622,-0.020841293510002044,0.26818413560048004
0.5857338820301783,0.5238095238095238,0.46,0.47619047619047616,0.0205761316872428,729,243,22,243,0.3076698167180181,0.3882862031580464,-1.1159148702004202,-0.38828620315804374,0.06199459823632869,-0.44682126851324283
0.5727891156462585,0.42857142857142855,0.52,0.5714285714285714,0.0163265306122449,735,245,23,245,-0.35270652490889653,-0.7582570193746727,-0.06702191412614926,0.7582570193746747,-0.78656951469947,-0.1608191068677537
0.55893536121673,0.2857142857142857,0.38,0.7142857142857143,0.011406844106463879,789,263,24,263,-1.0594548273992574,-2.4780718531737502,-2.5144388116327816,2.478071853173753,-1.7689368809592205,2.4132003479416486
0.5564005069708492,0.5714285714285714,0.58,0.4285714285714286,0.019011406844106463,789,263,25,263,-1.18877023748898,0.9615578144244049,0.9818710419481207,-0.9615578144244022,-0.25045104667758766,2.4132003479416486
0.5294117647058824,0.47619047619047616,0.58,0.5238095238095238,0.025210084033613446,714,238,26,238,-2.5655990155030906,-0.1849854081083135,0.9818710419481207,0.18498540810831615,0.987306314039374,-1.1618266726269657
0.5712309820193637,0.42857142857142855,0.46,0.5714285714285714,0.02074688796680498,723,241,27,241,-0.43219460169433715,-0.7582570193746727,-1.1159148702004202,0.7582570193746747,0.09609136363564802,-0.732823430158732
0.5755102040816327,0.38095238095238093,0.5,0.6190476190476191,0.012244897959183673,735,245,28,245,-0.21389039081257802,-1.3315286306410319,-0.4166528994842399,1.3315286306410345,-1.6015935441200204,-0.1608191068677537
0.5781710914454278,0.42857142857142855,0.56,0.5714285714285714,0.017699115044247787,678,226,29,226,-0.07814541012547203,-0.7582570193746727,0.632240056590032,0.7582570193746747,-0.5124906375491969,-2.8778396424999007
0.5670816044260027,0.5714285714285714,0.52,0.4285714285714286,0.02074688796680498,723,241,30,241,-0.6438748061773063,0.9615578144244049,-0.06702191412614926,-0.9615578144244022,0.09609136363564802,-0.732823430158732
0.580952380952381,0.47619047619047616,0.54,0.5238095238095238,0.0163265306122449,735,245,31,245,0.06374187738005331,-0.1849854081083135,0.28260907123194134,0.18498540810831615,-0.78656951469947,-0.1608191068677537
0.5935302390998594,0.5238095238095238,0.58,0.47619047619047616,0.02109704641350211,711,237,32,237,0.7054004212725112,0.3882862031580464,0.9818710419481207,-0.38828620315804374,0.16601131293551835,-1.3048277534497101
0.5807860262008734,0.42857142857142855,0.48,0.5714285714285714,0.017467248908296942,687,229,33,229,0.0552553014964346,-0.7582570193746727,-0.7662838848423305,0.7582570193746747,-0.5587898732893604,-2.448836400031667
0.5718518518518518,0.38095238095238093,0.54,0.6190476190476191,0.017777777777777778,675,225,34,225,-0.40052097109762547,-1.3315286306410319,0.28260907123194134,1.3315286306410345,-0.4967831931277192,-3.020840723322645
0.5807860262008734,0.42857142857142855,0.5,0.5714285714285714,0.017467248908296942,687,229,35,229,0.0552553014964346,-0.7582570193746727,-0.4166528994842399,0.7582570193746747,-0.5587898732893604,-2.448836400031667
0.5493333333333333,0.42857142857142855,0.46,0.5714285714285714,0.024,750,250,36,250,-1.5493016008191283,-0.7582570193746727,-1.1159148702004202,0.7582570193746747,0.7456756606111639,0.5541862972459691
0.5783132530120482,0.5238095238095238,0.46,0.47619047619047616,0.020080321285140562,747,249,37,249,-0.07089304785794251,0.3882862031580464,-1.1159148702004202,-0.38828620315804374,-0.037009262742418295,0.4111852164232246
0.5300751879699248,0.42857142857142855,0.42,0.5714285714285714,0.02631578947368421,798,266,38,266,-2.5317545246049957,-0.7582570193746727,-1.8151768409166014,0.7582570193746747,1.2080945573034545,2.8422035904098824
0.5506666666666666,0.3333333333333333,0.44,0.6666666666666667,0.02,750,250,39,250,-1.4812816951119359,-1.904800241907391,-1.4655458555585108,1.9048002419073946,-0.0530478882209752,0.5541862972459691
0.5729166666666666,0.38095238095238093,0.54,0.6190476190476191,0.015625,768,256,40,256,-0.346199518623131,-1.3315286306410319,0.28260907123194134,1.3315286306410345,-0.9266517697561273,1.4121927821824365
0.5358974358974359,0.42857142857142855,0.5,0.5714285714285714,0.015384615384615385,780,260,41,260,-2.234732958330088,-0.7582570193746727,-0.4166528994842399,0.7582570193746747,-0.9746519830272893,1.9841971054734149
0.5625,0.47619047619047616,0.46,0.5238095238095238,0.02734375,768,256,42,256,-0.8776050319605847,-0.1849854081083135,-1.1159148702004202,0.18498540810831615,1.4133586272130299,1.4121927821824365
0.5816993464052288,0.42857142857142855,0.46,0.5714285714285714,0.01568627450980392,765,255,43,255,0.10184826713198276,-0.7582570193746727,-1.1159148702004202,0.7582570193746747,-0.9144164212752428,1.269191701359692
0.563265306122449,0.42857142857142855,0.56,0.5714285714285714,0.024489795918367346,735,245,44,245,-0.8385629942459971,-0.7582570193746727,0.632240056590032,0.7582570193746747,0.8434785441416295,-0.1608191068677537
0.5816186556927297,0.6190476190476191,0.64,0.38095238095238093,0.0205761316872428,729,243,45,243,0.09773183614025878,1.5348294256907649,2.0307639980223926,-1.5348294256907622,0.06199459823632869,-0.44682126851324283
0.5661577608142494,0.42857142857142855,0.48,0.5714285714285714,0.022900763358778626,786,262,46,262,-0.6910046226970489,-0.7582570193746727,-0.7662838848423305,0.7582570193746747,0.5261791128404996,2.270199267118904
0.5372549019607843,0.42857142857142855,0.52,0.5714285714285714,0.027450980392156862,765,255,47,255,-2.1654819231078313,-0.7582570193746727,-0.06702191412614926,0.7582570193746747,1.4347704870545777,1.269191701359692
0.5587828492392808,0.3333333333333333,0.42,0.6666666666666667,0.024896265560165973,723,241,48,241,-1.0672352151432445,-1.904800241907391,-1.8151768409166014,1.9048002419073946,0.9246427628391115,-0.732823430158732
0.5769745649263721,0.42857142857142855,0.54,0.5714285714285714,0.01606425702811245,747,249,49,249,-0.13918612587721477,-0.7582570193746727,0.28260907123194134,0.7582570193746747,-0.8389405366702689,0.4111852164232246
0.5876840696117804,0.47619047619047616,0.58,0.5238095238095238,0.020080321285140562,747,249,50,249,0.40715849827695766,-0.1849854081083135,0.9818710419481207,0.18498540810831615,-0.037009262742418295,0.4111852164232246
0.644808743169399,0.6190476190476191,0.58,0.38095238095238093,0.020491803278688523,732,244,51,244,3.321369679984559,1.5348294256907649,0.9818710419481207,-1.5348294256907622,0.04515582679936937,-0.30382018769049823
0.5687074829931973,0.47619047619047616,0.58,0.5238095238095238,0.02040816326530612,735,245,52,245,-0.5609307260533658,-0.1849854081083135,0.9818710419481207,0.18498540810831615,0.028454514721079394,-0.1608191068677537
0.5755102040816327,0.38095238095238093,0.48,0.6190476190476191,0.0163265306122449,735,245,53,245,-0.21389039081257802,-1.3315286306410319,-0.7662838848423305,1.3315286306410345,-0.78656951469947,-0.1608191068677537
0.5725806451612904,0.42857142857142855,0.48,0.5714285714285714,0.024193548387096774,744,248,54,248,-0.363341631956593,-0.7582570193746727,-0.7662838848423305,0.7582570193746747,0.7843235742643316,0.26818413560048004
0.6070460704607046,0.5238095238095238,0.6,0.47619047619047616,0.02032520325203252,738,246,55,246,1.394909602311785,0.3882862031580464,1.3315020273062113,-0.38828620315804374,0.011888985667816418,-0.017818026045009108
0.5809906291834003,0.42857142857142855,0.54,0.5714285714285714,0.028112449799196786,747,249,56,249,0.065693108180602,-0.7582570193746727,0.28260907123194134,0.7582570193746747,1.5668532851132824,0.4111852164232246
0.5729166666666666,0.6666666666666666,0.6,0.33333333333333337,0.01953125,768,256,57,256,-0.346199518623131,2.1081010369571236,1.3315020273062113,-2.108101036957121,-0.14664830409974156,1.4121927821824365
0.5380577427821522,0.38095238095238093,0.46,0.6190476190476191,0.023622047244094488,762,254,58,254,-2.124525055382331,-1.3315286306410319,-1.1159148702004202,1.3315286306410345,0.6702057189892292,1.1261906205369474
0.5964912280701754,0.5238095238095238,0.62,0.47619047619047616,0.02834008097165992,741,247,59,247,0.8564550641932163,0.3882862031580464,1.6811330126643018,-0.38828620315804374,1.612306879586926,0.12518305477773548
0.5730027548209367,0.5714285714285714,0.6,0.4285714285714286,0.024793388429752067,726,242,60,242,-0.34180773752116583,0.9615578144244049,1.3315020273062113,-0.9615578144244022,0.904100166164646,-0.5898223493359874
0.5997267759562842,0.6190476190476191,0.56,0.38095238095238093,0.02459016393442623,732,244,61,244,1.0215163107863907,1.5348294256907649,0.632240056590032,-1.5348294256907622,0.8635201186355775,-0.30382018769049823
0.5959183673469388,0.5238095238095238,0.5,0.47619047619047616,0.024489795918367346,735,245,62,245,0.8272306149097852,0.3882862031580464,-0.4166528994842399,-0.38828620315804374,0.8434785441416295,-0.1608191068677537
0.5755102040816327,0.5238095238095238,0.54,0.47619047619047616,0.02040816326530612,735,245,63,245,-0.21389039081257802,0.3882862031580464,0.28260907123194134,-0.38828620315804374,0.028454514721079394,-0.1608191068677537
0.6653005464480874,0.5238095238095238,0.62,0.47619047619047616,0.01639344262295082,732,244,64,244,4.366757575074634,0.3882862031580464,1.6811330126643018,-0.38828620315804374,-0.7732084650368382,-0.30382018769049823
0.5578231292517006,0.47619047619047616,0.48,0.5238095238095238,0.024489795918367346,735,245,65,245,-1.1161952624386284,-0.1849854081083135,-0.7662838848423305,0.18498540810831615,0.8434785441416295,-0.1608191068677537
0.6010928961748634,0.5714285714285714,0.58,0.4285714285714286,0.02459016393442623,732,244,66,244,1.0912088371257265,0.9615578144244049,0.9818710419481207,-0.9615578144244022,0.8635201186355775,-0.30382018769049823
0.573997233748271,0.38095238095238093,0.44,0.6190476190476191,0.016597510373443983,723,241,67,241,-0.29107446537235776,-1.3315286306410319,-1.4655458555585108,1.3315286306410345,-0.7324600355678155,-0.732823430158732
0.6065573770491803,0.6190476190476191,0.64,0.38095238095238093,0.00819672131147541,732,244,68,244,1.3699789424830806,1.5348294256907649,2.0307639980223926,-1.5348294256907622,-2.409937048709254,-0.30382018769049823
0.6092436974789915,0.7142857142857143,0.6,0.2857142857142857,0.025210084033613446,714,238,69,238,1.5070213892343816,2.6813726482234834,1.3315020273062113,-2.6813726482234808,0.987306314039374,-1.1618266726269657
0.5694444444444444,0.42857142857142855,0.5,0.5714285714285714,0.020833333333333332,720,240,70,240,-0.5233346897356156,-0.7582570193746727,-0.4166528994842399,0.7582570193746747,0.11335285111905345,-0.8758245109814765
0.5989159891598916,0.5714285714285714,0.64,0.4285714285714286,0.012195121951219513,738,246,71,246,0.9801540797069451,0.9615578144244049,2.0307639980223926,-0.9615578144244022,-1.6115328615519782,-0.017818026045009108
0.5691056910569106,0.47619047619047616,0.5,0.5238095238095238,0.024390243902439025,738,246,72,246,-0.5406161698441501,-0.1849854081083135,-0.4166528994842399,0.18498540810831615,0.823599909277714,-0.017818026045009108
0.5801952580195258,0.42857142857142855,0.4,0.5714285714285714,0.016736401673640166,717,239,73,239,0.02511730450387761,-0.7582570193746727,-2.164807826274691,0.7582570193746747,-0.7047260975191643,-1.018825591804221
0.5823451910408433,0.47619047619047616,0.58,0.5238095238095238,0.015810276679841896,759,253,74,253,0.13479598554397723,-0.1849854081083135,0.9818710419481207,0.18498540810831615,-0.8896555579463384,0.9831895397142029
0.5778688524590164,0.5714285714285714,0.48,0.4285714285714286,0.020491803278688523,732,244,75,244,-0.09356411064302564,0.9615578144244049,-0.7662838848423305,-0.9615578144244022,0.04515582679936937,-0.30382018769049823
0.5700680272108843,0.42857142857142855,0.48,0.5714285714285714,0.0163265306122449,735,245,76,245,-0.49152265900520936,-0.7582570193746727,-0.7662838848423305,0.7582570193746747,-0.78656951469947,-0.1608191068677537
0.5596707818930041,0.38095238095238093,0.42,0.6190476190476191,0.01646090534979424,729,243,77,243,-1.0219373936077947,-1.3315286306410319,-1.8151768409166014,1.3315286306410345,-0.7597374478872708,-0.44682126851324283
0.5581699346405229,0.38095238095238093,0.48,0.6190476190476191,0.0196078431372549,765,255,78,255,-1.098503010053801,-1.3315286306410319,-0.7662838848423305,1.3315286306410345,-0.131354118498636,1.269191701359692
0.5656984785615491,0.47619047619047616,0.52,0.5238095238095238,0.012448132780082987,723,241,79,241,-0.714434874338296,-0.1849854081083135,-0.06702191412614926,0.18498540810831615,-1.5610114347712793,-0.732823430158732
0.5782312925170068,0.6190476190476191,0.54,0.38095238095238093,0.024489795918367346,735,245,80,245,-0.07507425671626519,1.5348294256907649,0.28260907123194134,-1.5348294256907622,0.8434785441416295,-0.1608191068677537
0.5962059620596206,0.6666666666666666,0.56,0.33333333333333337,0.02032520325203252,738,246,81,246,0.8419022388386632,2.1081010369571236,0.632240056590032,-2.108101036957121,0.011888985667816418,-0.017818026045009108
0.5782312925170068,0.5238095238095238,0.48,0.47619047619047616,0.024489795918367346,735,245,82,245,-0.07507425671626519,0.3882862031580464,-0.7662838848423305,-0.38828620315804374,0.8434785441416295,-0.1608191068677537
0.5524568393094289,0.38095238095238093,0.44,0.6190476190476191,0.02390438247011952,753,251,83,251,-1.3899561643417198,-1.3315286306410319,-1.4655458555585108,1.3315286306410345,0.726582667411989,0.6971873780687138
0.575136612021858,0.42857142857142855,0.5,0.5714285714285714,0.028688524590163935,732,244,84,244,-0.23294916332170268,-0.7582570193746727,-0.4166528994842399,0.7582570193746747,1.6818844104717858,-0.30382018769049823
0.5907172995780591,0.38095238095238093,0.5,0.6190476190476191,0.008438818565400843,711,237,85,237,0.5618985104978396,-1.3315286306410319,-0.4166528994842399,1.3315286306410345,-2.3615948542547947,-1.3048277534497101
0.5700680272108843,0.5238095238095238,0.48,0.47619047619047616,0.02857142857142857,735,245,86,245,-0.49152265900520936,0.3882862031580464,-0.7662838848423305,-0.38828620315804374,1.6585025735621794,-0.1608191068677537
0.5897435897435898,0.42857142857142855,0.44,0.5714285714285714,0.020242914979757085,741,247,87,247,0.5122247721527615,-0.7582570193746727,-1.4655458555585108,0.7582570193746747,-0.0045424095469586995,0.12518305477773548
0.5947441217150761,0.5714285714285714,0.54,0.4285714285714286,0.016597510373443983,723,241,88,241,0.7673265570424935,0.9615578144244049,0.28260907123194134,-0.9615578144244022,-0.7324600355678155,-0.732823430158732
0.5809128630705395,0.38095238095238093,0.48,0.6190476190476191,0.016597510373443983,723,241,89,241,0.061725875432596465,-1.3315286306410319,-0.7662838848423305,1.3315286306410345,-0.7324600355678155,-0.732823430158732
0.5792349726775956,0.42857142857142855,0.5,0.5714285714285714,0.02459016393442623,732,244,90,244,-0.023871584303689942,-0.7582570193746727,-0.4166528994842399,0.7582570193746747,0.8635201186355775,-0.30382018769049823
0.5969945355191257,0.5238095238095238,0.6,0.47619047619047616,0.020491803278688523,732,244,91,244,0.8821312581077136,0.3882862031580464,1.3315020273062113,-0.38828620315804374,0.04515582679936937,-0.30382018769049823
0.5724043715846995,0.5714285714285714,0.54,0.4285714285714286,0.028688524590163935,732,244,92,244,-0.37233421600037975,0.9615578144244049,0.28260907123194134,-0.9615578144244022,1.6818844104717858,-0.30382018769049823
0.569672131147541,0.5714285714285714,0.52,0.4285714285714286,0.028688524590163935,732,244,93,244,-0.5117192686790568,0.9615578144244049,-0.06702191412614926,-0.9615578144244022,1.6818844104717858,-0.30382018769049823
0.5863945578231292,0.6190476190476191,0.54,0.38095238095238093,0.02040816326530612,735,245,94,245,0.341374145572679,1.5348294256907649,0.28260907123194134,-1.5348294256907622,0.028454514721079394,-0.1608191068677537
0.569672131147541,0.5238095238095238,0.5,0.47619047619047616,0.02459016393442623,732,244,95,244,-0.5117192686790568,0.3882862031580464,-0.4166528994842399,-0.38828620315804374,0.8635201186355775,-0.30382018769049823
0.5778688524590164,0.42857142857142855,0.5,0.5714285714285714,0.012295081967213115,732,244,96,244,-0.09356411064302564,-0.7582570193746727,-0.4166528994842399,0.7582570193746747,-1.5915727568730462,-0.30382018769049823
0.556420233463035,0.47619047619047616,0.48,0.5238095238095238,0.023346303501945526,771,257,97,257,-1.1877638918851687,-0.1849854081083135,-0.7662838848423305,0.18498540810831615,0.615144963914861,1.5551938630051811
0.5890227576974565,0.5714285714285714,0.54,0.4285714285714286,0.024096385542168676,747,249,98,249,0.4754515762962299,0.9615578144244049,0.28260907123194134,-0.9615578144244022,0.7649220111854323,0.4111852164232246
0.5948509485094851,0.5238095238095238,0.48,0.47619047619047616,0.024390243902439025,738,246,99,246,0.7727763184045194,0.3882862031580464,-0.7662838848423305,-0.38828620315804374,0.823599909277714,-0.017818026045009108
0.5799457994579946,0.47619047619047616,0.52,0.5238095238095238,0.016260162601626018,738,246,100,246,0.012391193628977504,-0.1849854081083135,-0.06702191412614926,0.18498540810831615,-0.7998219379420805,-0.017818026045009108
0.5846994535519126,0.3333333333333333,0.44,0.6666666666666667,0.02185792349726776,549,183,101,183,0.2548985210536642,-1.904800241907391,-1.4655458555585108,1.9048002419073946,0.3179439240781057,-9.026886117877917
0.5228494623655914,0.5238095238095238,0.52,0.47619047619047616,0.024193548387096774,744,248,102,248,-2.9003744053096105,0.3882862031580464,-0.06702191412614926,-0.38828620315804374,0.7843235742643316,0.26818413560048004
0.5674603174603174,0.3333333333333333,0.46,0.6666666666666667,0.01984126984126984,756,252,103,252,-0.6245547875141781,-1.904800241907391,-1.1159148702004202,1.9048002419073946,-0.08474326714288578,0.8401884588914583
0.5878284923928078,0.47619047619047616,0.5,0.5238095238095238,0.016597510373443983,723,241,104,241,0.41452621623754504,-0.1849854081083135,-0.4166528994842399,0.18498540810831615,-0.7324600355678155,-0.732823430158732
0.5718050065876152,0.3333333333333333,0.52,0.6666666666666667,0.019762845849802372,759,253,105,253,-0.40291077893977684,-1.904800241907391,-0.06702191412614926,1.9048002419073946,-0.10040303933750518,0.9831895397142029
0.5700680272108843,0.42857142857142855,0.46,0.5714285714285714,0.02040816326530612,735,245,106,245,-0.49152265900520936,-0.7582570193746727,-1.1159148702004202,0.7582570193746747,0.028454514721079394,-0.1608191068677537
0.5659863945578232,0.42857142857142855,0.48,0.5714285714285714,0.0163265306122449,735,245,107,245,-0.6997468601496786,-0.7582570193746727,-0.7662838848423305,0.7582570193746747,-0.78656951469947,-0.1608191068677537
0.6397849462365591,0.47619047619047616,0.58,0.5238095238095238,0.024193548387096774,744,248,108,248,3.065081034736666,-0.1849854081083135,0.9818710419481207,0.18498540810831615,0.7843235742643316,0.26818413560048004
0.563265306122449,0.5238095238095238,0.52,0.47619047619047616,0.024489795918367346,735,245,109,245,-0.8385629942459971,0.3882862031580464,-0.06702191412614926,-0.38828620315804374,0.8434785441416295,-0.1608191068677537
0.6131687242798354,0.5714285714285714,0.52,0.4285714285714286,0.024691358024691357,729,243,110,243,1.7072563539030876,0.9615578144244049,-0.06702191412614926,-0.9615578144244022,0.8837266443599282,-0.44682126851324283
0.5551020408163265,0.42857142857142855,0.46,0.5714285714285714,0.02040816326530612,735,245,111,245,-1.2550113965349412,-0.7582570193746727,-1.1159148702004202,0.7582570193746747,0.028454514721079394,-0.1608191068677537
0.5931972789115646,0.6666666666666666,0.58,0.33333333333333337,0.02040816326530612,735,245,112,245,0.6884144808134667,2.1081010369571236,0.9818710419481207,-2.108101036957121,0.028454514721079394,-0.1608191068677537
0.5789473684210527,0.5238095238095238,0.58,0.47619047619047616,0.024291497975708502,741,247,113,247,-0.03854369511196935,0.3882862031580464,0.9818710419481207,-0.38828620315804374,0.8038822350199836,0.12518305477773548
0.5925925925925926,0.47619047619047616,0.6,0.5238095238095238,0.012345679012345678,729,243,114,243,0.6575664510142855,-0.1849854081083135,1.3315020273062113,0.18498540810831615,-1.5814694940108711,-0.44682126851324283
0.5789473684210527,0.42857142857142855,0.54,0.5714285714285714,0.020242914979757085,741,247,115,247,-0.03854369511196935,-0.7582570193746727,0.28260907123194134,0.7582570193746747,-0.0045424095469586995,0.12518305477773548
0.5957161981258366,0.47619047619047616,0.58,0.5238095238095238,0.020080321285140562,747,249,116,249,0.8169169663925855,-0.1849854081083135,0.9818710419481207,0.18498540810831615,-0.037009262742418295,0.4111852164232246
0.5955204216073782,0.5238095238095238,0.56,0.47619047619047616,0.019762845849802372,759,253,117,253,0.8069294411486642,0.3882862031580464,0.632240056590032,-0.38828620315804374,-0.10040303933750518,0.9831895397142029
0.5752688172043011,0.5714285714285714,0.48,0.4285714285714286,0.024193548387096774,744,248,118,248,-0.22620472528886265,0.9615578144244049,-0.7662838848423305,-0.9615578144244022,0.7843235742643316,0.26818413560048004
0.5725806451612904,0.5238095238095238,0.5,0.47619047619047616,0.024193548387096774,744,248,119,248,-0.363341631956593,0.3882862031580464,-0.4166528994842399,-0.38828620315804374,0.7843235742643316,0.26818413560048004
0.5903614457831325,0.47619047619047616,0.46,0.5238095238095238,0.020080321285140562,747,249,120,249,0.5437446543155021,-0.1849854081083135,-1.1159148702004202,0.18498540810831615,-0.037009262742418295,0.4111852164232246
0.6104252400548696,0.6666666666666666,0.58,0.33333333333333337,0.01646090534979424,729,243,121,243,1.5672977001845796,2.1081010369571236,0.9818710419481207,-2.108101036957121,-0.7597374478872708,-0.44682126851324283
0.5737704918032787,0.42857142857142855,0.56,0.5714285714285714,0.01639344262295082,732,244,122,244,-0.30264168966104404,-0.7582570193746727,0.632240056590032,0.7582570193746747,-0.7732084650368382,-0.30382018769049823
0.6517006802721088,0.5238095238095238,0.68,0.47619047619047616,0.0163265306122449,735,245,123,245,3.6729613638842378,0.3882862031580464,2.7300259687385737,-0.38828620315804374,-0.78656951469947,-0.1608191068677537
0.5952380952380952,0.47619047619047616,0.58,0.5238095238095238,0.015873015873015872,756,252,124,252,0.7925265813857042,-0.1849854081083135,0.9818710419481207,0.18498540810831615,-0.8771277401906427,0.8401884588914583
0.6117804551539491,0.6190476190476191,0.58,0.38095238095238093,0.01606425702811245,747,249,125,249,1.6364339026238413,1.5348294256907649,0.9818710419481207,-1.5348294256907622,-0.8389405366702689,0.4111852164232246
0.5937921727395412,0.42857142857142855,0.5,0.5714285714285714,0.032388663967611336,741,247,126,247,0.7187629473770377,-0.7582570193746727,-0.4166528994842399,0.7582570193746747,2.4207315241538683,0.12518305477773548
0.573549257759784,0.42857142857142855,0.44,0.5714285714285714,0.016194331983805668,741,247,127,247,-0.3139279287443376,-0.7582570193746727,-1.4655458555585108,0.7582570193746747,-0.812967054113901,0.12518305477773548
0.5870445344129555,0.47619047619047616,0.6,0.5238095238095238,0.024291497975708502,741,247,128,247,0.3745326553365774,-0.1849854081083135,1.3315020273062113,0.18498540810831615,0.8038822350199836,0.12518305477773548
0.5853658536585366,0.42857142857142855,0.46,0.5714285714285714,0.028455284552845527,738,246,129,246,0.28889487536553565,-0.7582570193746727,-1.1159148702004202,0.7582570193746747,1.635310832887611,-0.017818026045009108
0.592140921409214,0.42857142857142855,0.5,0.5714285714285714,0.032520325203252036,738,246,130,246,0.6345244775362375,-0.7582570193746727,-0.4166528994842399,0.7582570193746747,2.4470217564975094,-0.017818026045009108
0.580952380952381,0.6190476190476191,0.56,0.38095238095238093,0.02040816326530612,735,245,131,245,0.06374187738005331,1.5348294256907649,0.632240056590032,-1.5348294256907622,0.028454514721079394,-0.1608191068677537
0.5809906291834003,0.5714285714285714,0.62,0.4285714285714286,0.012048192771084338,747,249,132,249,0.065693108180602,0.9615578144244049,1.6811330126643018,-0.9615578144244022,-1.640871810598119,0.4111852164232246
0.5823451910408433,0.42857142857142855,0.54,0.5714285714285714,0.011857707509881422,759,253,133,253,0.13479598554397723,-0.7582570193746727,0.28260907123194134,0.7582570193746747,-1.6789080765551714,0.9831895397142029
0.5739247311827957,0.5238095238095238,0.52,0.47619047619047616,0.028225806451612902,744,248,134,248,-0.29477317862272784,0.3882862031580464,-0.06702191412614926,-0.38828620315804374,1.5894884420386652,0.26818413560048004
0.5878284923928078,0.47619047619047616,0.52,0.5238095238095238,0.016597510373443983,723,241,135,241,0.41452621623754504,-0.1849854081083135,-0.06702191412614926,0.18498540810831615,-0.7324600355678155,-0.732823430158732
0.61328125,0.5238095238095238,0.58,0.47619047619047616,0.01171875,768,256,136,256,1.7129968455595115,0.3882862031580464,0.9818710419481207,-0.38828620315804374,-1.706655235412513,1.4121927821824365
0.610655737704918,0.5714285714285714,0.5,0.4285714285714286,0.020491803278688523,732,244,137,244,1.5790565215010932,0.9615578144244049,-0.4166528994842399,-0.9615578144244022,0.04515582679936937,-0.30382018769049823
0.5685483870967742,0.5238095238095238,0.52,0.47619047619047616,0.024193548387096774,744,248,138,248,-0.5690469919581885,0.3882862031580464,-0.06702191412614926,-0.38828620315804374,0.7843235742643316,0.26818413560048004
0.5836791147994468,0.6666666666666666,0.58,0.33333333333333337,0.02074688796680498,723,241,139,241,0.2028460117545759,2.1081010369571236,0.9818710419481207,-2.108101036957121,0.09609136363564802,-0.732823430158732
0.5964187327823691,0.47619047619047616,0.6,0.5238095238095238,0.01652892561983471,726,242,140,242,0.8527567222126167,-0.1849854081083135,1.3315020273062113,0.18498540810831615,-0.7461551000174594,-0.5898223493359874
0.575880758807588,0.47619047619047616,0.5,0.5238095238095238,0.016260162601626018,738,246,141,246,-0.19498656767344819,-0.1849854081083135,-0.4166528994842399,0.18498540810831615,-0.7998219379420805,-0.017818026045009108
0.5605442176870749,0.47619047619047616,0.44,0.5238095238095238,0.024489795918367346,735,245,142,245,-0.9773791283423099,-0.1849854081083135,-1.4655458555585108,0.18498540810831615,0.8434785441416295,-0.1608191068677537
0.5745257452574526,0.42857142857142855,0.5,0.5714285714285714,0.028455284552845527,738,246,143,246,-0.2641124881075863,-0.7582570193746727,-0.4166528994842399,0.7582570193746747,1.635310832887611,-0.017818026045009108
0.5698924731182796,0.5714285714285714,0.54,0.4285714285714286,0.028225806451612902,744,248,144,248,-0.5004785386243233,0.9615578144244049,0.28260907123194134,-0.9615578144244022,1.5894884420386652,0.26818413560048004
0.5766129032258065,0.47619047619047616,0.46,0.5238095238095238,0.024193548387096774,744,248,145,248,-0.15763627195499746,-0.1849854081083135,-1.1159148702004202,0.18498540810831615,0.7843235742643316,0.26818413560048004
0.6005291005291006,0.5238095238095238,0.66,0.47619047619047616,0.015873015873015872,756,252,146,252,1.0624468421285416,0.3882862031580464,2.380394983380483,-0.38828620315804374,-0.8771277401906427,0.8401884588914583
0.5656167979002624,0.38095238095238093,0.48,0.6190476190476191,0.015748031496062992,762,254,147,254,-0.7186018074974112,-1.3315286306410319,-0.7662838848423305,1.3315286306410345,-0.9020847314677373,1.1261906205369474
0.5766129032258065,0.5238095238095238,0.5,0.47619047619047616,0.024193548387096774,744,248,148,248,-0.15763627195499746,0.3882862031580464,-0.4166528994842399,-0.38828620315804374,0.7843235742643316,0.26818413560048004
0.5917001338688086,0.47619047619047616,0.58,0.5238095238095238,0.024096385542168676,747,249,149,249,0.6120377323347744,-0.1849854081083135,0.9818710419481207,0.18498540810831615,0.7649220111854323,0.4111852164232246
0.5919778699861687,0.47619047619047616,0.56,0.5238095238095238,0.016597510373443983,723,241,150,241,0.6262064207205141,-0.1849854081083135,0.632240056590032,0.18498540810831615,-0.7324600355678155,-0.732823430158732
0.5796519410977242,0.42857142857142855,0.5,0.5714285714285714,0.024096385542168676,747,249,151,249,-0.002599969838670251,-0.7582570193746727,-0.4166528994842399,0.7582570193746747,0.7649220111854323,0.4111852164232246
0.5813008130081301,0.47619047619047616,0.5,0.5238095238095238,0.012195121951219513,738,246,152,246,0.08151711406311563,-0.1849854081083135,-0.4166528994842399,0.18498540810831615,-1.6115328615519782,-0.017818026045009108
0.5655737704918032,0.5238095238095238,0.52,0.47619047619047616,0.020491803278688523,732,244,153,244,-0.7207968476970752,0.3882862031580464,-0.06702191412614926,-0.38828620315804374,0.04515582679936937,-0.30382018769049823
0.5983606557377049,0.5714285714285714,0.6,0.4285714285714286,0.012295081967213115,732,244,154,244,0.9518237844470494,0.9615578144244049,1.3315020273062113,-0.9615578144244022,-1.5915727568730462,-0.30382018769049823
0.5877551020408164,0.5238095238095238,0.48,0.47619047619047616,0.024489795918367346,735,245,155,245,0.4107822126208411,0.3882862031580464,-0.7662838848423305,-0.38828620315804374,0.8434785441416295,-0.1608191068677537
0.575136612021858,0.42857142857142855,0.5,0.5714285714285714,0.020491803278688523,732,244,156,244,-0.23294916332170268,-0.7582570193746727,-0.4166528994842399,0.7582570193746747,0.04515582679936937,-0.30382018769049823
0.5577427821522309,0.47619047619047616,0.48,0.5238095238095238,0.023622047244094488,762,254,157,254,-1.1202941640359596,-0.1849854081083135,-0.7662838848423305,0.18498540810831615,0.6702057189892292,1.1261906205369474
0.5756358768406962,0.47619047619047616,0.56,0.5238095238095238,0.012048192771084338,747,249,158,249,-0.20747920389648136,-0.1849854081083135,0.632240056590032,0.18498540810831615,-1.640871810598119,0.4111852164232246
0.6007905138339921,0.47619047619047616,0.6,0.5238095238095238,0.019762845849802372,759,253,159,253,1.0757828233905355,-0.1849854081083135,1.3315020273062113,0.18498540810831615,-0.10040303933750518,0.9831895397142029
0.571236559139785,0.47619047619047616,0.48,0.5238095238095238,0.020161290322580645,744,248,160,248,-0.4319100852904582,-0.1849854081083135,-0.7662838848423305,0.18498540810831615,-0.020841293510002044,0.26818413560048004
0.5849802371541502,0.38095238095238093,0.52,0.6190476190476191,0.019762845849802372,759,253,161,253,0.26922267666491007,-1.3315286306410319,-0.06702191412614926,1.3315286306410345,-0.10040303933750518,0.9831895397142029
0.5880758807588076,0.5238095238095238,0.56,0.47619047619047616,0.02032520325203252,738,246,162,246,0.42714671623381756,0.3882862031580464,0.632240056590032,-0.38828620315804374,0.011888985667816418,-0.017818026045009108
0.5619047619047619,0.5238095238095238,0.54,0.47619047619047616,0.02857142857142857,735,245,163,245,-0.9079710612941535,0.3882862031580464,0.28260907123194134,-0.38828620315804374,1.6585025735621794,-0.1608191068677537
0.569672131147541,0.38095238095238093,0.46,0.6190476190476191,0.01639344262295082,732,244,164,244,-0.5117192686790568,-1.3315286306410319,-1.1159148702004202,1.3315286306410345,-0.7732084650368382,-0.30382018769049823
0.5942622950819673,0.6190476190476191,0.58,0.38095238095238093,0.02459016393442623,732,244,165,244,0.7427462054290367,1.5348294256907649,0.9818710419481207,-1.5348294256907622,0.8635201186355775,-0.30382018769049823
0.6041666666666666,0.5714285714285714,0.5,0.4285714285714286,0.025,720,240,166,240,1.248017021389236,0.9615578144244049,-0.4166528994842399,-0.9615578144244022,0.9453565478191988,-0.8758245109814765
0.5991561181434599,0.5714285714285714,0.56,0.4285714285714286,0.02109704641350211,711,237,167,237,0.9924042428218547,0.9615578144244049,0.632240056590032,-0.9615578144244022,0.16601131293551835,-1.3048277534497101
0.582312925170068,0.47619047619047616,0.56,0.5238095238095238,0.02040816326530612,735,245,168,245,0.13314994442820974,-0.1849854081083135,0.632240056590032,0.18498540810831615,0.028454514721079394,-0.1608191068677537
0.5806451612903226,0.6190476190476191,0.54,0.38095238095238093,0.028225806451612902,744,248,169,248,0.04806908804659809,1.5348294256907649,0.28260907123194134,-1.5348294256907622,1.5894884420386652,0.26818413560048004
0.5752688172043011,0.5238095238095238,0.52,0.47619047619047616,0.03225806451612903,744,248,170,248,-0.22620472528886265,0.3882862031580464,-0.06702191412614926,-0.38828620315804374,2.3946533098129987,0.26818413560048004
0.5785907859078591,0.5714285714285714,0.54,0.4285714285714286,0.02032520325203252,738,246,171,246,-0.05673472680516628,0.9615578144244049,0.28260907123194134,-0.9615578144244022,0.011888985667816418,-0.017818026045009108
0.5765027322404371,0.42857142857142855,0.44,0.5714285714285714,0.012295081967213115,732,244,172,244,-0.163256636982367,-0.7582570193746727,-1.4655458555585108,0.7582570193746747,-1.5915727568730462,-0.30382018769049823
0.5258964143426295,0.47619047619047616,0.38,0.5238095238095238,0.0199203187250996,753,251,173,251,-2.7449343656802507,-0.1849854081083135,-2.5144388116327816,0.18498540810831615,-0.06895871588695421,0.6971873780687138
0.5551075268817204,0.42857142857142855,0.42,0.5714285714285714,0.012096774193548387,744,248,174,248,-1.254731525296846,-0.7582570193746727,-1.8151768409166014,0.7582570193746747,-1.6311710290586694,0.26818413560048004
0.5771349862258953,0.47619047619047616,0.54,0.5238095238095238,0.01652892561983471,726,242,175,242,-0.13100224462696924,-0.1849854081083135,0.28260907123194134,0.18498540810831615,-0.7461551000174594,-0.5898223493359874
0.5867208672086721,0.5238095238095238,0.6,0.47619047619047616,0.024390243902439025,738,246,176,246,0.35802079579967944,0.3882862031580464,1.3315020273062113,-0.38828620315804374,0.823599909277714,-0.017818026045009108
0.5950413223140496,0.47619047619047616,0.56,0.5238095238095238,0.01652892561983471,726,242,177,242,0.7824882245812197,-0.1849854081083135,0.632240056590032,0.18498540810831615,-0.7461551000174594,-0.5898223493359874
0.5997267759562842,0.47619047619047616,0.62,0.5238095238095238,0.01639344262295082,732,244,178,244,1.0215163107863907,-0.1849854081083135,1.6811330126643018,0.18498540810831615,-0.7732084650368382,-0.30382018769049823
0.592896174863388,0.5714285714285714,0.58,0.4285714285714286,0.01639344262295082,732,244,179,244,0.6730536790896953,0.9615578144244049,0.9818710419481207,-0.9615578144244022,-0.7732084650368382,-0.30382018769049823
0.5689424364123159,0.42857142857142855,0.48,0.5714285714285714,0.01606425702811245,747,249,180,249,-0.5489445939928427,-0.7582570193746727,-0.7662838848423305,0.7582570193746747,-0.8389405366702689,0.4111852164232246
0.5681511470985156,0.5238095238095238,0.52,0.47619047619047616,0.02834008097165992,741,247,181,247,-0.5893121623767003,0.3882862031580464,-0.06702191412614926,-0.38828620315804374,1.612306879586926,0.12518305477773548
0.5792349726775956,0.5714285714285714,0.58,0.4285714285714286,0.01639344262295082,732,244,182,244,-0.023871584303689942,0.9615578144244049,0.9818710419481207,-0.9615578144244022,-0.7732084650368382,-0.30382018769049823
0.5843454790823212,0.42857142857142855,0.52,0.5714285714285714,0.024291497975708502,741,247,183,247,0.23684053852039327,-0.7582570193746727,-0.06702191412614926,0.7582570193746747,0.8038822350199836,0.12518305477773548
0.5736111111111111,0.6666666666666666,0.5,0.33333333333333337,0.020833333333333332,720,240,184,240,-0.31077248440063404,2.1081010369571236,-0.4166528994842399,-2.108101036957121,0.11335285111905345,-0.8758245109814765
0.5730027548209367,0.5238095238095238,0.58,0.47619047619047616,0.012396694214876033,726,242,185,242,-0.34180773752116583,0.3882862031580464,0.9818710419481207,-0.38828620315804374,-1.5712827331085122,-0.5898223493359874
0.5730027548209367,0.47619047619047616,0.52,0.5238095238095238,0.012396694214876033,726,242,186,242,-0.34180773752116583,-0.1849854081083135,-0.06702191412614926,0.18498540810831615,-1.5712827331085122,-0.5898223493359874
0.5895424836601307,0.3333333333333333,0.44,0.6666666666666667,0.023529411764705882,765,255,187,255,0.5019653595272421,-1.904800241907391,-1.4655458555585108,1.9048002419073946,0.6517081842779708,1.269191701359692
0.5494791666666666,0.42857142857142855,0.46,0.5714285714285714,0.01953125,768,256,188,256,-1.5418619236324063,-0.7582570193746727,-1.1159148702004202,0.7582570193746747,-0.14664830409974156,1.4121927821824365
0.5699346405228758,0.6190476190476191,0.64,0.38095238095238093,0.027450980392156862,765,255,189,255,-0.4983273714609118,1.5348294256907649,2.0307639980223926,-1.5348294256907622,1.4347704870545777,1.269191701359692
0.6088709677419355,0.6190476190476191,0.62,0.38095238095238093,0.028225806451612902,744,248,190,248,1.488006608057767,1.5348294256907649,1.6811330126643018,-1.5348294256907622,1.5894884420386652,0.26818413560048004
0.6308539944903582,0.7619047619047619,0.7,0.23809523809523814,0.012396694214876033,726,242,191,242,2.6094691629975975,3.254644259489842,3.0796569540966625,-3.2546442594898393,-1.5712827331085122,-0.5898223493359874
0.6108949416342413,0.6666666666666666,0.62,0.33333333333333337,0.011673151750972763,771,257,192,257,1.5912594930391144,2.1081010369571236,1.6811330126643018,-2.108101036957121,-1.7157603342334047,1.5551938630051811
0.59765625,0.5238095238095238,0.6,0.47619047619047616,0.01171875,768,256,193,256,0.9158885755533281,0.3882862031580464,1.3315020273062113,-0.38828620315804374,-1.706655235412513,1.4121927821824365
0.5863945578231292,0.47619047619047616,0.52,0.5238095238095238,0.02040816326530612,735,245,194,245,0.341374145572679,-0.1849854081083135,-0.06702191412614926,0.18498540810831615,0.028454514721079394,-0.1608191068677537
0.6188630490956072,0.6190476190476191,0.64,0.38095238095238093,0.007751937984496124,774,258,195,258,1.997751931679289,1.5348294256907649,2.0307639980223926,-1.5348294256907622,-2.4987517780558197,1.6981949438279258
0.6141732283464567,0.5238095238095238,0.66,0.47619047619047616,0.011811023622047244,762,254,196,254,1.758501057823645,0.3882862031580464,2.380394983380483,-0.38828620315804374,-1.6882299566962204,1.1261906205369474
0.5901639344262295,0.42857142857142855,0.5,0.5714285714285714,0.020491803278688523,732,244,197,244,0.5336686264110182,-0.7582570193746727,-0.4166528994842399,0.7582570193746747,0.04515582679936937,-0.30382018769049823
0.5894308943089431,0.47619047619047616,0.52,0.5238095238095238,0.02032520325203252,738,246,198,246,0.4962726366679613,-0.1849854081083135,-0.06702191412614926,0.18498540810831615,0.011888985667816418,-0.017818026045009108
0.5813008130081301,0.5238095238095238,0.52,0.47619047619047616,0.016260162601626018,738,246,199,246,0.08151711406311563,0.3882862031580464,-0.06702191412614926,-0.38828620315804374,-0.7998219379420805,-0.017818026045009108
0.5241935483870968,0.5238095238095238,0.5,0.47619047619047616,0.020161290322580645,744,248,200,248,-2.8318059519757455,0.3882862031580464,-0.4166528994842399,-0.38828620315804374,-0.020841293510002044,0.26818413560048004
0.5737704918032787,0.5238095238095238,0.52,0.47619047619047616,0.012295081967213115,732,244,201,244,-0.30264168966104404,0.3882862031580464,-0.06702191412614926,-0.38828620315804374,-1.5915727568730462,-0.30382018769049823
0.5710382513661202,0.38095238095238093,0.48,0.6190476190476191,0.020491803278688523,732,244,202,244,-0.4420267423397211,-1.3315286306410319,-0.7662838848423305,1.3315286306410345,0.04515582679936937,-0.30382018769049823
0.5964187327823691,0.47619047619047616,0.54,0.5238095238095238,0.02066115702479339,726,242,203,242,0.8527567222126167,-0.1849854081083135,0.28260907123194134,0.18498540810831615,0.07897253307359327,-0.5898223493359874
0.5605442176870749,0.47619047619047616,0.46,0.5238095238095238,0.024489795918367346,735,245,204,245,-0.9773791283423099,-0.1849854081083135,-1.1159148702004202,0.18498540810831615,0.8434785441416295,-0.1608191068677537
0.587431693989071,0.5238095238095238,0.56,0.47619047619047616,0.01639344262295082,732,244,205,244,0.3942835737323412,0.3882862031580464,0.632240056590032,-0.38828620315804374,-0.7732084650368382,-0.30382018769049823
0.5816186556927297,0.6190476190476191,0.6,0.38095238095238093,0.0205761316872428,729,243,206,243,0.09773183614025878,1.5348294256907649,1.3315020273062113,-1.5348294256907622,0.06199459823632869,-0.44682126851324283
0.5655737704918032,0.47619047619047616,0.5,0.5238095238095238,0.01639344262295082,732,244,207,244,-0.7207968476970752,-0.1849854081083135,-0.4166528994842399,0.18498540810831615,-0.7732084650368382,-0.30382018769049823
0.5954301075268817,0.6666666666666666,0.56,0.33333333333333337,0.024193548387096774,744,248,208,248,0.8023220747191151,2.1081010369571236,0.632240056590032,-2.108101036957121,0.7843235742643316,0.26818413560048004
0.5642076502732241,0.47619047619047616,0.48,0.5238095238095238,0.01639344262295082,732,244,209,244,-0.7904893740364108,-0.1849854081083135,-0.7662838848423305,0.18498540810831615,-0.7732084650368382,-0.30382018769049823
0.5642023346303502,0.47619047619047616,0.56,0.5238095238095238,0.023346303501945526,771,257,210,257,-0.7907605511817012,-0.1849854081083135,0.632240056590032,0.18498540810831615,0.615144963914861,1.5551938630051811
0.5986394557823129,0.6190476190476191,0.56,0.38095238095238093,0.024489795918367346,735,245,211,245,0.9660467490060981,1.5348294256907649,0.632240056590032,-1.5348294256907622,0.8434785441416295,-0.1608191068677537
0.582312925170068,0.47619047619047616,0.48,0.5238095238095238,0.02040816326530612,735,245,212,245,0.13314994442820974,-0.1849854081083135,-0.7662838848423305,0.18498540810831615,0.028454514721079394,-0.1608191068677537
0.5739247311827957,0.5238095238095238,0.5,0.47619047619047616,0.028225806451612902,744,248,213,248,-0.29477317862272784,0.3882862031580464,-0.4166528994842399,-0.38828620315804374,1.5894884420386652,0.26818413560048004
0.564625850340136,0.47619047619047616,0.48,0.5238095238095238,0.024489795918367346,735,245,214,245,-0.7691549271978407,-0.1849854081083135,-0.7662838848423305,0.18498540810831615,0.8434785441416295,-0.1608191068677537
0.5659863945578232,0.5238095238095238,0.52,0.47619047619047616,0.024489795918367346,735,245,215,245,-0.6997468601496786,0.3882862031580464,-0.06702191412614926,-0.38828620315804374,0.8434785441416295,-0.1608191068677537
0.564625850340136,0.5238095238095238,0.5,0.47619047619047616,0.024489795918367346,735,245,216,245,-0.7691549271978407,0.3882862031580464,-0.4166528994842399,-0.38828620315804374,0.8434785441416295,-0.1608191068677537
0.6052287581699346,0.5238095238095238,0.54,0.47619047619047616,0.0196078431372549,765,255,217,255,1.3021995443177607,0.3882862031580464,0.28260907123194134,-0.38828620315804374,-0.131354118498636,1.269191701359692
0.536,0.38095238095238093,0.52,0.6190476190476191,0.024,750,250,218,250,-2.2295006578910703,-1.3315286306410319,-0.06702191412614926,1.3315286306410345,0.7456756606111639,0.5541862972459691
0.538866930171278,0.5714285714285714,0.52,0.4285714285714286,0.023715415019762844,759,253,219,253,-2.083244417951494,0.9615578144244049,-0.06702191412614926,-0.9615578144244022,0.6888494792713274,0.9831895397142029
0.5710382513661202,0.5714285714285714,0.54,0.4285714285714286,0.01639344262295082,732,244,220,244,-0.4420267423397211,0.9615578144244049,0.28260907123194134,-0.9615578144244022,-0.7732084650368382,-0.30382018769049823
0.5948509485094851,0.5714285714285714,0.6,0.4285714285714286,0.028455284552845527,738,246,221,246,0.7727763184045194,0.9615578144244049,1.3315020273062113,-0.9615578144244022,1.635310832887611,-0.017818026045009108
0.5789473684210527,0.5714285714285714,0.52,0.4285714285714286,0.012145748987854251,741,247,222,247,-0.03854369511196935,0.9615578144244049,-0.06702191412614926,-0.9615578144244022,-1.6213916986808432,0.12518305477773548
0.6044098573281452,0.5238095238095238,0.56,0.47619047619047616,0.019455252918287938,771,257,223,257,1.2604233757862193,0.3882862031580464,0.632240056590032,-0.38828620315804374,-0.1618234688012276,1.5551938630051811
0.5924426450742241,0.5238095238095238,0.6,0.47619047619047616,0.016194331983805668,741,247,224,247,0.6499168889689457,0.3882862031580464,1.3315020273062113,-0.38828620315804374,-0.812967054113901,0.12518305477773548
0.5733882030178327,0.47619047619047616,0.52,0.5238095238095238,0.012345679012345678,729,243,225,243,-0.32214412501525985,-0.1849854081083135,-0.06702191412614926,0.18498540810831615,-1.5814694940108711,-0.44682126851324283
0.5609756097560976,0.5238095238095238,0.48,0.47619047619047616,0.028455284552845527,738,246,226,246,-0.9553716924489901,0.3882862031580464,-0.7662838848423305,-0.38828620315804374,1.635310832887611,-0.017818026045009108
0.5727891156462585,0.5238095238095238,0.52,0.47619047619047616,0.024489795918367346,735,245,227,245,-0.35270652490889653,0.3882862031580464,-0.06702191412614926,-0.38828620315804374,0.8434785441416295,-0.1608191068677537
0.581989247311828,0.47619047619047616,0.5,0.5238095238095238,0.020161290322580645,744,248,228,248,0.11663754138046327,-0.1849854081083135,-0.4166528994842399,0.18498540810831615,-0.020841293510002044,0.26818413560048004
0.5870445344129555,0.5714285714285714,0.54,0.4285714285714286,0.016194331983805668,741,247,229,247,0.3745326553365774,0.9615578144244049,0.28260907123194134,-0.9615578144244022,-0.812967054113901,0.12518305477773548
0.5603112840466926,0.5238095238095238,0.56,0.47619047619047616,0.011673151750972763,771,257,230,257,-0.9892622215334349,0.3882862031580464,0.632240056590032,-0.38828620315804374,-1.7157603342334047,1.5551938630051811
0.5546666666666666,0.42857142857142855,0.4,0.5714285714285714,0.016,750,250,231,250,-1.2772219779903526,-0.7582570193746727,-2.164807826274691,0.7582570193746747,-0.8517714370531142,0.5541862972459691
0.5537414965986395,0.3333333333333333,0.42,0.6666666666666667,0.0163265306122449,735,245,232,245,-1.3244194635830977,-1.904800241907391,-1.8151768409166014,1.9048002419073946,-0.78656951469947,-0.1608191068677537
0.5850066934404283,0.5238095238095238,0.56,0.47619047619047616,0.028112449799196786,747,249,233,249,0.27057234223841314,0.3882862031580464,0.632240056590032,-0.38828620315804374,1.5668532851132824,0.4111852164232246
0.588477366255144,0.47619047619047616,0.6,0.5238095238095238,0.0205761316872428,729,243,234,243,0.44762847043652615,-0.1849854081083135,1.3315020273062113,0.18498540810831615,0.06199459823632869,-0.44682126851324283
0.5890227576974565,0.47619047619047616,0.42,0.5238095238095238,0.024096385542168676,747,249,235,249,0.4754515762962299,-0.1849854081083135,-1.8151768409166014,0.18498540810831615,0.7649220111854323,0.4111852164232246
0.5931972789115646,0.5714285714285714,0.58,0.4285714285714286,0.024489795918367346,735,245,236,245,0.6884144808134667,0.9615578144244049,0.9818710419481207,-0.9615578144244022,0.8434785441416295,-0.1608191068677537
0.5917001338688086,0.47619047619047616,0.48,0.5238095238095238,0.01606425702811245,747,249,237,249,0.6120377323347744,-0.1849854081083135,-0.7662838848423305,0.18498540810831615,-0.8389405366702689,0.4111852164232246
0.5739247311827957,0.42857142857142855,0.46,0.5714285714285714,0.020161290322580645,744,248,238,248,-0.29477317862272784,-0.7582570193746727,-1.1159148702004202,0.7582570193746747,-0.020841293510002044,0.26818413560048004
0.5853333333333334,0.5238095238095238,0.52,0.47619047619047616,0.024,750,250,239,250,0.28723585327512,0.3882862031580464,-0.06702191412614926,-0.38828620315804374,0.7456756606111639,0.5541862972459691
0.5683060109289617,0.47619047619047616,0.48,0.5238095238095238,0.020491803278688523,732,244,240,244,-0.5814117950183981,-0.1849854081083135,-0.7662838848423305,0.18498540810831615,0.04515582679936937,-0.30382018769049823
0.571236559139785,0.42857142857142855,0.44,0.5714285714285714,0.016129032258064516,744,248,241,248,-0.4319100852904582,-0.7582570193746727,-1.4655458555585108,0.7582570193746747,-0.8260061612843357,0.26818413560048004
0.5683060109289617,0.47619047619047616,0.52,0.5238095238095238,0.01639344262295082,732,244,242,244,-0.5814117950183981,-0.1849854081083135,-0.06702191412614926,0.18498540810831615,-0.7732084650368382,-0.30382018769049823
0.575136612021858,0.47619047619047616,0.46,0.5238095238095238,0.012295081967213115,732,244,243,244,-0.23294916332170268,-0.1849854081083135,-1.1159148702004202,0.18498540810831615,-1.5915727568730462,-0.30382018769049823
0.5685483870967742,0.5238095238095238,0.52,0.47619047619047616,0.020161290322580645,744,248,244,248,-0.5690469919581885,0.3882862031580464,-0.06702191412614926,-0.38828620315804374,-0.020841293510002044,0.26818413560048004
0.5752688172043011,0.47619047619047616,0.54,0.5238095238095238,0.020161290322580645,744,248,245,248,-0.22620472528886265,-0.1849854081083135,0.28260907123194134,0.18498540810831615,-0.020841293510002044,0.26818413560048004
0.5863945578231292,0.42857142857142855,0.5,0.5714285714285714,0.02857142857142857,735,245,246,245,0.341374145572679,-0.7582570193746727,-0.4166528994842399,0.7582570193746747,1.6585025735621794,-0.1608191068677537
0.5934959349593496,0.5238095238095238,0.54,0.47619047619047616,0.016260162601626018,738,246,247,246,0.7036503979703813,0.3882862031580464,0.28260907123194134,-0.38828620315804374,-0.7998219379420805,-0.017818026045009108
0.6131687242798354,0.5714285714285714,0.54,0.4285714285714286,0.02880658436213992,729,243,248,243,1.7072563539030876,0.9615578144244049,0.28260907123194134,-0.9615578144244022,1.7054586904835285,-0.44682126851324283
0.6286089238845144,0.5238095238095238,0.5,0.47619047619047616,0.01968503937007874,762,254,249,254,2.494937044810982,0.3882862031580464,-0.4166528994842399,-0.38828620315804374,-0.11593950623925399,1.1261906205369474
0.5743801652892562,0.38095238095238093,0.36,0.6190476190476191,0.01652892561983471,726,242,250,242,-0.27153923988976886,-1.3315286306410319,-2.864069796990872,1.3315286306410345,-0.7461551000174594,-0.5898223493359874
0.5897435897435898,0.42857142857142855,0.56,0.5714285714285714,0.024291497975708502,741,247,251,247,0.5122247721527615,-0.7582570193746727,0.632240056590032,0.7582570193746747,0.8038822350199836,0.12518305477773548
0.5883940620782726,0.38095238095238093,0.52,0.6190476190476191,0.02834008097165992,741,247,252,247,0.4433787137446695,-1.3315286306410319,-0.06702191412614926,1.3315286306410345,1.612306879586926,0.12518305477773548
0.5836734693877551,0.47619047619047616,0.58,0.5238095238095238,0.00816326530612245,735,245,253,245,0.20255801147636615,-0.1849854081083135,0.9818710419481207,0.18498540810831615,-2.41661757354057,-0.1608191068677537
0.5710382513661202,0.47619047619047616,0.5,0.5238095238095238,0.01639344262295082,732,244,254,244,-0.4420267423397211,-0.1849854081083135,-0.4166528994842399,0.18498540810831615,-0.7732084650368382,-0.30382018769049823
0.5863453815261044,0.42857142857142855,0.52,0.5714285714285714,0.024096385542168676,747,249,255,249,0.3388654202576854,-0.7582570193746727,-0.06702191412614926,0.7582570193746747,0.7649220111854323,0.4111852164232246
0.5796519410977242,0.42857142857142855,0.52,0.5714285714285714,0.020080321285140562,747,249,256,249,-0.002599969838670251,-0.7582570193746727,-0.06702191412614926,0.7582570193746747,-0.037009262742418295,0.4111852164232246
0.5867208672086721,0.47619047619047616,0.52,0.5238095238095238,0.016260162601626018,738,246,257,246,0.35802079579967944,-0.1849854081083135,-0.06702191412614926,0.18498540810831615,-0.7998219379420805,-0.017818026045009108
0.5737704918032787,0.3333333333333333,0.5,0.6666666666666667,0.020491803278688523,732,244,258,244,-0.30264168966104404,-1.904800241907391,-0.4166528994842399,1.9048002419073946,0.04515582679936937,-0.30382018769049823
0.5691056910569106,0.42857142857142855,0.44,0.5714285714285714,0.016260162601626018,738,246,259,246,-0.5406161698441501,-0.7582570193746727,-1.4655458555585108,0.7582570193746747,-0.7998219379420805,-0.017818026045009108
0.592140921409214,0.5714285714285714,0.6,0.4285714285714286,0.024390243902439025,738,246,260,246,0.6345244775362375,0.9615578144244049,1.3315020273062113,-0.9615578144244022,0.823599909277714,-0.017818026045009108
0.601360544217687,0.5238095238095238,0.58,0.47619047619047616,0.0163265306122449,735,245,261,245,1.104862883102411,0.3882862031580464,0.9818710419481207,-0.38828620315804374,-0.78656951469947,-0.1608191068677537
0.5829903978052127,0.5714285714285714,0.56,0.4285714285714286,0.01646090534979424,729,243,262,243,0.16771116299951566,0.9615578144244049,0.632240056590032,-0.9615578144244022,-0.7597374478872708,-0.44682126851324283
0.5793010752688172,0.42857142857142855,0.54,0.5714285714285714,0.028225806451612902,744,248,263,248,-0.020499365287267094,-0.7582570193746727,0.28260907123194134,0.7582570193746747,1.5894884420386652,0.26818413560048004
0.5636856368563685,0.5714285714285714,0.5,0.4285714285714286,0.02032520325203252,738,246,264,246,-0.8171198515807139,0.9615578144244049,-0.4166528994842399,-0.9615578144244022,0.011888985667816418,-0.017818026045009108
0.575880758807588,0.6190476190476191,0.52,0.38095238095238093,0.02032520325203252,738,246,265,246,-0.19498656767344819,1.5348294256907649,-0.06702191412614926,-1.5348294256907622,0.011888985667816418,-0.017818026045009108
0.5806010928961749,0.5714285714285714,0.54,0.4285714285714286,0.020491803278688523,732,244,266,244,0.04582094203565141,0.9615578144244049,0.28260907123194134,-0.9615578144244022,0.04515582679936937,-0.30382018769049823
0.5939643347050755,0.6190476190476191,0.6,0.38095238095238093,0.0205761316872428,729,243,267,243,0.7275457778735424,1.5348294256907649,1.3315020273062113,-1.5348294256907622,0.06199459823632869,-0.44682126851324283
0.5752688172043011,0.47619047619047616,0.48,0.5238095238095238,0.016129032258064516,744,248,268,248,-0.22620472528886265,-0.1849854081083135,-0.7662838848423305,0.18498540810831615,-0.8260061612843357,0.26818413560048004
0.5773333333333334,0.5238095238095238,0.52,0.47619047619047616,0.024,750,250,269,250,-0.12088358096804627,0.3882862031580464,-0.06702191412614926,-0.38828620315804374,0.7456756606111639,0.5541862972459691
0.5745257452574526,0.42857142857142855,0.52,0.5714285714285714,0.028455284552845527,738,246,270,246,-0.2641124881075863,-0.7582570193746727,-0.06702191412614926,0.7582570193746747,1.635310832887611,-0.017818026045009108
0.5843621399176955,0.42857142857142855,0.5,0.5714285714285714,0.012345679012345678,729,243,271,243,0.23769048985876687,-0.7582570193746727,-0.4166528994842399,0.7582570193746747,-1.5814694940108711,-0.44682126851324283
0.5789473684210527,0.6190476190476191,0.54,0.38095238095238093,0.020242914979757085,741,247,272,247,-0.03854369511196935,1.5348294256907649,0.28260907123194134,-1.5348294256907622,-0.0045424095469586995,0.12518305477773548
0.5770750988142292,0.3333333333333333,0.52,0.6666666666666667,0.023715415019762844,759,253,273,253,-0.1340573966978998,-1.904800241907391,-0.06702191412614926,1.9048002419073946,0.6888494792713274,0.9831895397142029
0.6005398110661269,0.38095238095238093,0.5,0.6190476190476191,0.024291497975708502,741,247,274,247,1.0629932394174924,-1.3315286306410319,-0.4166528994842399,1.3315286306410345,0.8038822350199836,0.12518305477773548
0.5876840696117804,0.47619047619047616,0.56,0.5238095238095238,0.020080321285140562,747,249,275,249,0.40715849827695766,-0.1849854081083135,0.632240056590032,0.18498540810831615,-0.037009262742418295,0.4111852164232246
0.5260416666666666,0.42857142857142855,0.44,0.5714285714285714,0.01953125,768,256,276,256,-2.7375243286416815,-0.7582570193746727,-1.4655458555585108,0.7582570193746747,-0.14664830409974156,1.4121927821824365
0.5772357723577236,0.5714285714285714,0.58,0.4285714285714286,0.016260162601626018,738,246,277,246,-0.1258606472393044,0.9615578144244049,0.9818710419481207,-0.9615578144244022,-0.7998219379420805,-0.017818026045009108
0.5739247311827957,0.5238095238095238,0.54,0.47619047619047616,0.020161290322580645,744,248,278,248,-0.29477317862272784,0.3882862031580464,0.28260907123194134,-0.38828620315804374,-0.020841293510002044,0.26818413560048004
0.5689424364123159,0.42857142857142855,0.48,0.5714285714285714,0.01606425702811245,747,249,279,249,-0.5489445939928427,-0.7582570193746727,-0.7662838848423305,0.7582570193746747,-0.8389405366702689,0.4111852164232246
0.5775978407557355,0.42857142857142855,0.52,0.5714285714285714,0.012145748987854251,741,247,280,247,-0.10738975352006143,-0.7582570193746727,-0.06702191412614926,0.7582570193746747,-1.6213916986808432,0.12518305477773548
0.5677506775067751,0.5714285714285714,0.5,0.4285714285714286,0.024390243902439025,738,246,281,246,-0.6097420902782882,0.9615578144244049,-0.4166528994842399,-0.9615578144244022,0.823599909277714,-0.017818026045009108
0.6133879781420765,0.47619047619047616,0.5,0.5238095238095238,0.02459016393442623,732,244,282,244,1.7184415741797703,-0.1849854081083135,-0.4166528994842399,0.18498540810831615,0.8635201186355775,-0.30382018769049823
0.5802968960863698,0.42857142857142855,0.5,0.5714285714285714,0.02834008097165992,741,247,283,247,0.03030236329612272,-0.7582570193746727,-0.4166528994842399,0.7582570193746747,1.612306879586926,0.12518305477773548
0.5912208504801097,0.47619047619047616,0.52,0.5238095238095238,0.01646090534979424,729,243,284,243,0.5875871241550342,-0.1849854081083135,-0.06702191412614926,0.18498540810831615,-0.7597374478872708,-0.44682126851324283
0.5962059620596206,0.6190476190476191,0.56,0.38095238095238093,0.02032520325203252,738,246,285,246,0.8419022388386632,1.5348294256907649,0.632240056590032,-1.5348294256907622,0.011888985667816418,-0.017818026045009108
0.5887978142076503,0.6190476190476191,0.56,0.38095238095238093,0.02459016393442623,732,244,286,244,0.46397610007168255,1.5348294256907649,0.632240056590032,-1.5348294256907622,0.8635201186355775,-0.30382018769049823
0.5856950067476383,0.38095238095238093,0.52,0.6190476190476191,0.020242914979757085,741,247,287,247,0.3056865969284853,-1.3315286306410319,-0.06702191412614926,1.3315286306410345,-0.0045424095469586995,0.12518305477773548
0.5720164609053497,0.6190476190476191,0.52,0.38095238095238093,0.0205761316872428,729,243,288,243,-0.3921234518745167,1.5348294256907649,-0.06702191412614926,-1.5348294256907622,0.06199459823632869,-0.44682126851324283
0.5642076502732241,0.47619047619047616,0.5,0.5238095238095238,0.01639344262295082,732,244,289,244,-0.7904893740364108,-0.1849854081083135,-0.4166528994842399,0.18498540810831615,-0.7732084650368382,-0.30382018769049823
0.582995951417004,0.5238095238095238,0.54,0.47619047619047616,0.020242914979757085,741,247,290,247,0.1679944801123012,0.3882862031580464,0.28260907123194134,-0.38828620315804374,-0.0045424095469586995,0.12518305477773548
0.5560053981106613,0.19047619047619047,0.44,0.8095238095238095,0.008097165991902834,741,247,291,247,-1.2089266880495233,-3.624615075706469,-1.4655458555585108,3.6246150757064717,-2.4298163432477855,0.12518305477773548
0.6115702479338843,0.5238095238095238,0.62,0.47619047619047616,0.02066115702479339,726,242,292,242,1.625710196158006,0.3882862031580464,1.6811330126643018,-0.38828620315804374,0.07897253307359327,-0.5898223493359874
0.5795918367346938,0.5238095238095238,0.44,0.47619047619047616,0.024489795918367346,735,245,293,245,-0.005666189668108768,0.3882862031580464,-1.4655458555585108,-0.38828620315804374,0.8434785441416295,-0.1608191068677537
0.5856950067476383,0.5238095238095238,0.52,0.47619047619047616,0.02834008097165992,741,247,294,247,0.3056865969284853,0.3882862031580464,-0.06702191412614926,-0.38828620315804374,1.612306879586926,0.12518305477773548
0.5672043010752689,0.42857142857142855,0.46,0.5714285714285714,0.016129032258064516,744,248,295,248,-0.6376154452920537,-0.7582570193746727,-1.1159148702004202,0.7582570193746747,-0.8260061612843357,0.26818413560048004
0.6021505376344086,0.5238095238095238,0.6,0.47619047619047616,0.020161290322580645,744,248,296,248,1.1451643413884411,0.3882862031580464,1.3315020273062113,-0.38828620315804374,-0.020841293510002044,0.26818413560048004
0.5752688172043011,0.42857142857142855,0.48,0.5714285714285714,0.016129032258064516,744,248,297,248,-0.22620472528886265,-0.7582570193746727,-0.7662838848423305,0.7582570193746747,-0.8260061612843357,0.26818413560048004
0.5568942436412316,0.42857142857142855,0.46,0.5714285714285714,0.01606425702811245,747,249,298,249,-1.1635822961662816,-0.7582570193746727,-1.1159148702004202,0.7582570193746747,-0.8389405366702689,0.4111852164232246
0.5739247311827957,0.47619047619047616,0.46,0.5238095238095238,0.020161290322580645,744,248,299,248,-0.29477317862272784,-0.1849854081083135,-1.1159148702004202,0.18498540810831615,-0.020841293510002044,0.26818413560048004
0.5846774193548387,0.5238095238095238,0.58,0.47619047619047616,0.020161290322580645,744,248,300,248,0.25377444804819366,0.3882862031580464,0.9818710419481207,-0.38828620315804374,-0.020841293510002044,0.26818413560048004
0.5870445344129555,0.42857142857142855,0.54,0.5714285714285714,0.016194331983805668,741,247,301,247,0.3745326553365774,-0.7582570193746727,0.28260907123194134,0.7582570193746747,-0.812967054113901,0.12518305477773548
0.5672043010752689,0.5238095238095238,0.54,0.47619047619047616,0.016129032258064516,744,248,302,248,-0.6376154452920537,0.3882862031580464,0.28260907123194134,-0.38828620315804374,-0.8260061612843357,0.26818413560048004
0.5887978142076503,0.7619047619047619,0.6,0.23809523809523814,0.01639344262295082,732,244,303,244,0.46397610007168255,3.254644259489842,1.3315020273062113,-3.2546442594898393,-0.7732084650368382,-0.30382018769049823
0.6186666666666667,0.6190476190476191,0.62,0.38095238095238093,0.024,750,250,304,250,1.9877334959549777,1.5348294256907649,1.6811330126643018,-1.5348294256907622,0.7456756606111639,0.5541862972459691
0.5595716198125836,0.47619047619047616,0.5,0.5238095238095238,0.020080321285140562,747,249,305,249,-1.0269961401277428,-0.1849854081083135,-0.4166528994842399,0.18498540810831615,-0.037009262742418295,0.4111852164232246
0.5704607046070461,0.5238095238095238,0.48,0.47619047619047616,0.02032520325203252,738,246,306,246,-0.4714902494100063,0.3882862031580464,-0.7662838848423305,-0.38828620315804374,0.011888985667816418,-0.017818026045009108
0.5654205607476636,0.38095238095238093,0.48,0.6190476190476191,0.009345794392523364,642,214,307,214,-0.7286128319594286,-1.3315286306410319,-0.7662838848423305,1.3315286306410345,-2.180489116418729,-4.593852612372835
0.5743801652892562,0.38095238095238093,0.38,0.6190476190476191,0.01652892561983471,726,242,308,242,-0.27153923988976886,-1.3315286306410319,-2.5144388116327816,1.3315286306410345,-0.7461551000174594,-0.5898223493359874
0.5341207349081365,0.38095238095238093,0.46,0.6190476190476191,0.023622047244094488,762,254,309,254,-2.325371233651605,-1.3315286306410319,-1.1159148702004202,1.3315286306410345,0.6702057189892292,1.1261906205369474
0.6210045662100456,0.47619047619047616,0.64,0.5238095238095238,0.0182648401826484,657,219,310,219,2.1070012758251235,-0.1849854081083135,2.0307639980223926,0.18498540810831615,-0.3995261399974741,-3.8788472082591126
0.6361221779548473,0.42857142857142855,0.6,0.5714285714285714,0.03187250996015936,753,251,311,251,2.8782251698746593,-0.7582570193746727,1.3315020273062113,0.7582570193746747,2.3176654340098755,0.6971873780687138
0.5666666666666667,0.6190476190476191,0.46,0.38095238095238093,0.0125,720,240,312,240,-0.6650428266256032,1.5348294256907649,-1.1159148702004202,-1.5348294256907622,-1.5506545422812357,-0.8758245109814765
